Coefficient,Sample1_SP20-1,Sample2_SP20-3
a0,3.1958428465403843,3.1861130144469123
a1,3.788182846558917,3.993874834292031
a2,-14.574538777212481,-15.621185788802437
a3,27.33863490037897,29.618043036395736
a4,-22.66038702820067,-24.84861471291177
a5,7.076491427803388,7.842206874531915
