Coefficient,Sample1_SP20-1,Sample2_SP20-3
a0,3.202159552424796,1.7605846152640765
a1,3.480672703038475,14.962243094264117
a2,-12.998389964896003,-47.6657835705127
a3,23.918477650645766,72.81016619700067
a4,-19.3750262048515,-52.232067917660736
a5,5.93369892068063,14.406199511339768
