Coefficient,Sample1_SP20-1,Sample2_SP20-3
a0,3.2553279539752955,3.3213661386565394
a1,2.9695385990070817,2.1384199650534326
a2,-10.661178996070323,-6.944126350348231
a3,19.29259500704074,11.950003149515329
a4,-15.176375689502713,-8.53206935471388
a5,4.492462723550697,2.2445427547159924
